<?xml version="1.0" encoding="UTF-8"?>
<Configuration status="WARN">
<Properties>
    <Property name="log-path">E:\Santhoshini\AirlineTask4Logs</Property>
</Properties>
<Appenders>

    <!-- console appender -->
    <Console name="console-log" target="SYSTEM_OUT">
        <PatternLayout pattern="%d{dd/MM/yyyy HH:mm:ss:SSS} %5p - %m%n"/>
    </Console>

    <!-- file appender -->
    <RollingFile name="trace" fileName="${log-path}/trace.log"
                 filePattern="${log-path}/trace-%d{yyyy-MM-dd}.log">
        <!-- log pattern -->
        <PatternLayout>
            <pattern>%d{dd/MM/yyyy HH:mm:ss:SSS} %5p - %m%n</pattern>
        </PatternLayout>

        <!-- set file size policy -->
        <Policies>
            <!--TimeBasedTriggeringPolicy interval="1" modulate="true"/-->
            <SizeBasedTriggeringPolicy size="10 MB" />
        </Policies>
        <DefaultRolloverStrategy max="10"/>
    </RollingFile>
    <RollingFile name="report" fileName="${log-path}/report.log"
                 filePattern="${log-path}/report-%d{yyyy-MM-dd}.log">
        <PatternLayout>
            <pattern>%d{dd/MM/yyyy HH:mm:ss:SSS} %5p - %m%n</pattern>
        </PatternLayout>
        <Policies>
            <TimeBasedTriggeringPolicy interval="1" modulate="true"/>
        </Policies>
    </RollingFile>
</Appenders>

<Loggers>
	<Logger name="Dialog.Designer.TraceWriter" level="debug" additivity="false">
	    <appender-ref ref="trace"/>>
	    <appender-ref ref="console-log"/>
	</Logger>
	<Logger name="Dialog.Designer.ReportWriter" level="debug" additivity="false">
	    <appender-ref ref="report"/>
	    <appender-ref ref="console-log"/>
	</Logger>
	<Root level="debug" additivity="false">
        <AppenderRef ref="console-log"/>
    </Root>
</Loggers>
</Configuration>
